,chemical_formula,melting_temperature
0,HfC_0.5N_0.38,4140.17822265625
1,ZrO2,2899.314208984375
2,ThO2,3458.13720703125
3,W,3526.00830078125
4,NaCl,1066.7701416015625
5,Si,1701.1676025390625
6,Al,991.1882934570312
7,Cu,1340.00927734375
8,ThP,3202.7470703125
9,Y2O3,2677.055419921875
